{"cameraMode":{"drawMode":0,"name":"Shaded","section":"Shading Mode"},"sceneLighting":true,"audioPlay":false,"sceneViewState":{"m_AlwaysRefresh":false,"showFog":true,"showSkybox":true,"showFlares":true,"showImageEffects":true,"showParticleSystems":true,"showVisualEffectGraphs":true,"m_FxEnabled":true},"in2DMode":false,"pivot":{"x":0.11543917655944824,"y":-1.9606480598449708,"z":0.9045047760009766},"rotation":{"x":0.05337665230035782,"y":0.9387005567550659,"z":-0.2953283488750458,"w":0.16965226829051972},"size":13.518653869628907,"orthographic":false}